<?xml version="1.0" encoding="UTF-8"?>
<project-private xmlns="http://www.netbeans.org/ns/project-private/1">
    <editor-bookmarks xmlns="http://www.netbeans.org/ns/editor-bookmarks/2" lastBookmarkId="0"/>
    <open-files xmlns="http://www.netbeans.org/ns/projectui-open-files/2">
        <group name="Network Programming">
            <file>file:/C:/Current%20Books%20in%20Progress/Learning%20Network%20programming%20with%20Java/Chapter%209/SimpleRestfulService/web/index.html</file>
            <file>file:/C:/Current%20Books%20in%20Progress/Learning%20Network%20programming%20with%20Java/Chapter%209/SimpleRestfulService/src/java/packt/ApplicationConfig.java</file>
            <file>file:/C:/Current%20Books%20in%20Progress/Learning%20Network%20programming%20with%20Java/Chapter%209/SimpleRestfulService/src/java/packt/SimpleRestfulService.java</file>
        </group>
    </open-files>
</project-private>
